epoch,train_loss,train_accuracy,train_time,val_loss,val_accuracy,val_time
1,0.5047639351598627,0.7714999999999954,0:13:03,0.4293914548750035,0.817500000000003,0:00:32
2,0.39483256379728116,0.8705625000000029,0:13:02,0.5603382132429396,0.8295000000000023,0:00:32
3,0.2570289524862892,0.9331250000000081,0:13:01,0.7891899676123285,0.8290000000000023,0:00:32
4,0.1593526555130279,0.9638125000000065,0:13:01,0.9045896800834089,0.8285000000000022,0:00:32
