bert_model,train_accuracy,train_loss,train_time_per_epoch_seconds,val_accuracy,val_loss,val_time_per_epoch_seconds,test_accuracy,test_precision,test_recall,test_F1
bert-base-uncased,0.988901,0.054988,1031,0.921143,0.506773,4,0.951373,0.941364,0.948215,0.944777
roberta-base,0.979696,0.111579,1094,0.917714,0.476586,4,0.950557,0.945455,0.941614,0.943531
deberta-base,0.98428,0.083089,1588,0.946286,0.329927,6,0.949146,0.941067,0.943138,0.942101
distilbert-base-uncased,0.988382,0.057282,579,0.901714,0.605096,2,0.947587,0.940261,0.940261,0.940261
albert-base-v2,0.965108,0.181484,531,0.865714,0.771947,4,0.933333,0.914612,0.935353,0.924866
