epoch,train_loss,train_accuracy,train_time,val_loss,val_accuracy,val_time
1,0.3644274321307312,0.9026540460282176,0:26:55,0.35441526719368993,0.9200000000000002,0:00:06
2,0.21283418610566598,0.9536562731996985,0:26:44,0.34060934486599376,0.9234285714285719,0:00:05
3,0.13346722868873925,0.9733064216777965,0:26:36,0.3395693137983991,0.9337142857142859,0:00:06
4,0.08308933613308002,0.9842798812175154,0:26:28,0.3299274878013447,0.9462857142857146,0:00:06
