epoch,train_loss,train_accuracy,train_time,val_loss,val_accuracy,val_time
1,0.6633556634187698,0.8,0:00:18,0.6564714908599854,0.5,0:00:11
2,0.5734975934028625,0.75,0:00:12,0.6467412114143372,0.5,0:00:11
3,0.5594440996646881,0.55,0:00:13,0.6302094757556915,0.5,0:00:13
4,0.4074310176074505,0.75,0:00:12,0.6251583695411682,0.5,0:00:10
