epoch,train_loss,train_accuracy,train_time,val_loss,val_accuracy,val_time
1,0.3951810949023795,0.8962323682256944,0:18:12,0.31217449382346657,0.9177142857142858,0:00:04
2,0.23839798598332057,0.9479769858945774,0:18:13,0.3232200781362397,0.9257142857142854,0:00:04
3,0.16155763402523557,0.9683695248700764,0:18:13,0.4277003983571194,0.9211428571428569,0:00:04
4,0.11157894158692166,0.9796956198960588,0:18:14,0.4765863286553317,0.9177142857142855,0:00:04
