epoch,train_loss,train_accuracy,train_time,val_loss,val_accuracy,val_time
1,0.5362066818791209,0.7646249999999942,0:16:22,0.4486566667631269,0.7815000000000031,0:00:43
2,0.5021867199146436,0.8306875000000008,0:16:24,0.6797501960722729,0.8205000000000028,0:00:43
3,0.47025536693641695,0.8827500000000047,0:16:25,0.745199850818899,0.8370000000000027,0:00:43
4,0.3339847708926845,0.9305625000000081,0:16:23,0.8493475334657705,0.8355000000000032,0:00:43
