epoch,train_loss,train_accuracy,train_time,val_loss,val_accuracy,val_time
1,0.49630533087089085,0.8310876020787247,0:09:00,0.6574969334474632,0.8148571428571422,0:00:04
2,0.3594189330218352,0.9171817000742469,0:08:59,0.6367142129789239,0.8617142857142857,0:00:04
3,0.26009668799914787,0.946450445434296,0:08:56,0.7300435986897044,0.8685714285714284,0:00:04
4,0.1814835507786339,0.9651076466221187,0:08:51,0.7719474694451284,0.8657142857142858,0:00:04
