epoch,train_loss,train_accuracy,train_time,val_loss,val_accuracy,val_time
1,0.32347705140847105,0.9100176317743189,0:09:40,0.40847785795972286,0.9005714285714287,0:00:02
2,0.1751140276630628,0.9610244988864085,0:09:40,0.4136599695689178,0.9085714285714286,0:00:02
3,0.10371283191222926,0.9782804380103888,0:09:39,0.5488301596081666,0.8971428571428575,0:00:02
4,0.05728200705581906,0.9883815887156598,0:09:39,0.605096201597293,0.9017142857142861,0:00:02
