bert_model,train_accuracy,train_loss,train_time_per_epoch_seconds,val_accuracy,val_loss,val_time_per_epoch_seconds,test_accuracy,test_precision,test_recall,test_F1
bert-base-uncased,0.979375,0.101815,1534,0.859,0.874428,66,0.846,0.767236,0.830253,0.797502
roberta-base,0.950375,0.234676,982,0.8585,0.749755,38,0.848,0.766729,0.839151,0.801307
deberta-base,0.974313,0.129376,1569,0.8625,0.819602,62,0.85275,0.783117,0.825462,0.803732
albert-base-v2,0.930563,0.333985,983,0.8355,0.849348,43,0.8245,0.740952,0.798768,0.768775
distilbert-base-uncased,0.963813,0.159353,781,0.8285,0.90459,32,0.8205,0.721791,0.827515,0.771046
