epoch,train_loss,train_accuracy,train_time,val_loss,val_accuracy,val_time
1,0.46998270101408707,0.7950624999999962,0:25:30,0.39123654480907133,0.8490000000000031,0:01:06
2,0.34253695497311126,0.9064375000000058,0:25:34,0.5704879912157775,0.8530000000000025,0:01:06
3,0.19831487108073362,0.9556250000000063,0:25:35,0.7733270982296745,0.8495000000000027,0:01:06
4,0.10181506625930296,0.9793750000000042,0:25:34,0.8744276789374635,0.8590000000000028,0:01:06
