epoch,train_loss,train_accuracy,train_time,val_loss,val_accuracy,val_time
1,0.514011256146332,0.7924374999999952,0:26:13,0.48013034350180533,0.850000000000003,0:01:02
2,0.37596229492990463,0.8951875000000048,0:26:10,0.663674550500582,0.854500000000003,0:01:02
3,0.2333153042963545,0.9468750000000062,0:26:11,0.7199379330520423,0.8605000000000028,0:01:02
4,0.1293758401557841,0.9743125000000045,0:26:09,0.8196023663295,0.8625000000000032,0:01:02
