epoch,train_loss,train_accuracy,train_time,val_loss,val_accuracy,val_time
1,0.3276724266552271,0.916662026726063,0:17:09,0.3829090658548687,0.9085714285714286,0:00:04
2,0.1693983922756166,0.9641239792130608,0:17:12,0.40436341423441524,0.913142857142857,0:00:04
3,0.09888337376992021,0.9800296956198913,0:17:12,0.47067622496563544,0.910857142857143,0:00:04
4,0.0549882505152907,0.9889012620638425,0:17:11,0.5067725300383504,0.9211428571428573,0:00:04
