epoch,train_loss,train_accuracy,train_time,val_loss,val_accuracy,val_time
1,0.539604251555138,0.7764374999999955,0:16:19,0.4334210819611326,0.813000000000003,0:00:38
2,0.4548475891799899,0.8684375000000044,0:16:20,0.5877994641539408,0.8500000000000028,0:00:38
3,0.3389172785573101,0.9193750000000055,0:16:22,0.6463247870803752,0.8530000000000029,0:00:38
4,0.23467581112792232,0.9503750000000061,0:16:22,0.7497546767662425,0.8585000000000028,0:00:38
